flight_id,airline,flight_number,origin,destination,destination_city,scheduled_departure,scheduled_arrival,actual_departure,actual_arrival,gate_number,terminal,status,aircraft_type,delay_minutes,delay_reason
FL0217,Air France,AI214,PUY,HKG,Hong Kong,2026-06-22 00:08:00,2026-06-22 02:00:00,2026-06-22 00:08:00,2026-06-22 02:00:00,T2-G15,T2,on-time,B787,0.0,
FL0187,IndiGo,IN777,PUY,BOM,Mumbai,2026-06-22 01:45:00,2026-06-22 03:49:00,2026-06-22 02:13:00,2026-06-22 04:17:00,T1-G05,T1,delayed,B787,28.0,Security Check
FL0234,Delta Air Lines,DE172,PUY,ICN,Seoul,2026-06-22 02:19:00,2026-06-22 07:09:00,2026-06-22 02:19:00,2026-06-22 07:09:00,T2-G12,T2,on-time,A350,0.0,
FL0064,IndiGo,IN104,PUY,DXB,Dubai,2026-06-22 03:02:00,2026-06-22 11:52:00,2026-06-22 03:02:00,2026-06-22 11:52:00,T1-G20,T1,on-time,A321,0.0,
FL0139,British Airways,BR760,PUY,BLR,Bengaluru,2026-06-22 05:19:00,2026-06-22 13:01:00,2026-06-22 05:19:00,2026-06-22 13:01:00,T3-G10,T3,on-time,A320,0.0,
FL0021,British Airways,BR650,PUY,SYD,Sydney,2026-06-22 05:38:00,2026-06-22 06:58:00,2026-06-22 05:38:00,2026-06-22 06:58:00,T2-G12,T2,on-time,B777,0.0,
FL0027,Air France,AI579,PUY,DEL,New Delhi,2026-06-22 06:36:00,2026-06-22 11:10:00,2026-06-22 07:21:00,2026-06-22 11:55:00,T3-G03,T3,delayed,B777,45.0,Late Inbound Aircraft
FL0156,Qatar Airways,QA759,PUY,NRT,Tokyo,2026-06-22 06:49:00,2026-06-22 08:08:00,2026-06-22 08:45:00,2026-06-22 10:04:00,T1-G04,T1,delayed,B777,116.0,Air Traffic Control
FL0020,Qatar Airways,QA229,PUY,ICN,Seoul,2026-06-22 07:03:00,2026-06-22 14:25:00,2026-06-22 07:03:00,2026-06-22 14:25:00,T3-G05,T3,on-time,B787,0.0,
FL0057,Lufthansa,LU964,PUY,DXB,Dubai,2026-06-22 07:42:00,2026-06-22 16:11:00,2026-06-22 07:42:00,2026-06-22 16:11:00,T1-G04,T1,on-time,B777,0.0,
FL0111,Lufthansa,LU236,PUY,DEL,New Delhi,2026-06-22 07:49:00,2026-06-22 09:51:00,2026-06-22 07:49:00,2026-06-22 09:51:00,T1-G03,T1,on-time,B737,0.0,
FL0117,United Airlines,UN361,PUY,JFK,New York,2026-06-22 07:55:00,2026-06-22 16:16:00,2026-06-22 07:55:00,2026-06-22 16:16:00,T2-G22,T2,on-time,B787,0.0,
FL0110,Qatar Airways,QA445,PUY,BLR,Bengaluru,2026-06-22 08:07:00,2026-06-22 12:48:00,2026-06-22 08:07:00,2026-06-22 12:48:00,T1-G05,T1,on-time,A350,0.0,
FL0083,Singapore Airlines,SI521,PUY,CCU,Kolkata,2026-06-22 08:17:00,2026-06-22 11:21:00,2026-06-22 08:17:00,2026-06-22 11:21:00,T1-G22,T1,on-time,B737,0.0,
FL0174,United Airlines,UN123,PUY,DXB,Dubai,2026-06-22 08:31:00,2026-06-22 16:25:00,2026-06-22 08:31:00,2026-06-22 16:25:00,T2-G11,T2,on-time,B777,0.0,
FL0255,Qatar Airways,QA887,PUY,BOM,Mumbai,2026-06-22 09:30:00,2026-06-22 15:22:00,2026-06-22 09:30:00,2026-06-22 15:22:00,T3-G10,T3,on-time,A350,0.0,
FL0034,Lufthansa,LU959,PUY,DOH,Doha,2026-06-22 09:31:00,2026-06-22 14:35:00,2026-06-22 09:31:00,2026-06-22 14:35:00,T2-G01,T2,on-time,A320,0.0,
FL0081,Delta Air Lines,DE572,PUY,FRA,Frankfurt,2026-06-22 09:33:00,2026-06-22 13:59:00,2026-06-22 11:03:00,2026-06-22 15:29:00,T3-G21,T3,delayed,B787,90.0,Security Check
FL0164,Singapore Airlines,SI691,PUY,MAA,Chennai,2026-06-22 09:46:00,2026-06-22 17:40:00,2026-06-22 10:19:00,2026-06-22 18:13:00,T1-G01,T1,delayed,A350,33.0,Late Inbound Aircraft
FL0094,IndiGo,IN813,PUY,NRT,Tokyo,2026-06-22 09:51:00,2026-06-22 15:14:00,2026-06-22 09:51:00,2026-06-22 15:14:00,T3-G20,T3,on-time,A350,0.0,
FL0126,Air France,AI562,PUY,CCU,Kolkata,2026-06-22 10:06:00,2026-06-22 14:04:00,2026-06-22 10:33:00,2026-06-22 14:31:00,T2-G13,T2,delayed,B787,27.0,Crew Scheduling
FL0024,Lufthansa,LU598,PUY,SIN,Singapore,2026-06-22 10:34:00,2026-06-22 12:39:00,2026-06-22 12:27:00,2026-06-22 14:32:00,T2-G07,T2,delayed,B777,113.0,Air Traffic Control
FL0011,Delta Air Lines,DE373,PUY,SYD,Sydney,2026-06-22 10:41:00,2026-06-22 19:32:00,2026-06-22 10:41:00,2026-06-22 19:32:00,T2-G06,T2,on-time,B787,0.0,
FL0243,Delta Air Lines,DE312,PUY,LHR,London,2026-06-22 10:43:00,2026-06-22 13:24:00,2026-06-22 10:43:00,2026-06-22 13:24:00,T2-G18,T2,on-time,B787,0.0,
FL0040,Air France,AI927,PUY,SYD,Sydney,2026-06-22 11:07:00,2026-06-22 16:48:00,2026-06-22 11:07:00,2026-06-22 16:48:00,T1-G04,T1,on-time,B737,0.0,
FL0067,United Airlines,UN831,PUY,BLR,Bengaluru,2026-06-22 11:12:00,2026-06-22 13:52:00,2026-06-22 11:12:00,2026-06-22 13:52:00,T2-G13,T2,on-time,B787,0.0,
FL0078,Lufthansa,LU756,PUY,SIN,Singapore,2026-06-22 11:19:00,2026-06-22 18:18:00,2026-06-22 11:19:00,2026-06-22 18:18:00,T3-G17,T3,on-time,B787,0.0,
FL0080,Lufthansa,LU792,PUY,ICN,Seoul,2026-06-22 11:30:00,2026-06-22 18:11:00,2026-06-22 11:30:00,2026-06-22 18:11:00,T2-G09,T2,on-time,A320,0.0,
FL0157,Air France,AI700,PUY,LHR,London,2026-06-22 11:37:00,2026-06-22 18:46:00,,,T1-G04,T1,cancelled,A321,,Security Check
FL0059,Delta Air Lines,DE480,PUY,DXB,Dubai,2026-06-22 11:58:00,2026-06-22 19:47:00,2026-06-22 11:58:00,2026-06-22 19:47:00,T1-G12,T1,on-time,B737,0.0,
FL0162,United Airlines,UN941,PUY,AUH,Abu Dhabi,2026-06-22 11:58:00,2026-06-22 18:58:00,2026-06-22 11:58:00,2026-06-22 18:58:00,T3-G03,T3,on-time,A350,0.0,
FL0185,Air India,AI480,PUY,DOH,Doha,2026-06-22 12:29:00,2026-06-22 18:45:00,2026-06-22 12:29:00,2026-06-22 18:45:00,T1-G21,T1,on-time,A350,0.0,
FL0066,Singapore Airlines,SI281,PUY,DXB,Dubai,2026-06-22 12:30:00,2026-06-22 17:53:00,2026-06-22 12:30:00,2026-06-22 17:53:00,T2-G18,T2,on-time,A320,0.0,
FL0167,British Airways,BR810,PUY,JFK,New York,2026-06-22 13:33:00,2026-06-22 16:28:00,2026-06-22 13:33:00,2026-06-22 16:28:00,T1-G16,T1,on-time,B777,0.0,
FL0154,Delta Air Lines,DE903,PUY,SYD,Sydney,2026-06-22 13:36:00,2026-06-22 20:24:00,2026-06-22 13:36:00,2026-06-22 20:24:00,T3-G08,T3,on-time,A350,0.0,
FL0062,Delta Air Lines,DE852,PUY,DEL,New Delhi,2026-06-22 13:41:00,2026-06-22 19:43:00,2026-06-22 13:41:00,2026-06-22 19:43:00,T3-G03,T3,on-time,B787,0.0,
FL0028,Air India,AI566,PUY,FRA,Frankfurt,2026-06-22 14:05:00,2026-06-22 17:52:00,2026-06-22 14:32:00,2026-06-22 18:19:00,T1-G16,T1,delayed,B787,27.0,Technical Inspection
FL0136,Emirates,EM381,PUY,BLR,Bengaluru,2026-06-22 14:07:00,2026-06-22 22:09:00,2026-06-22 14:07:00,2026-06-22 22:09:00,T3-G15,T3,boarding,B787,0.0,
FL0122,British Airways,BR625,PUY,HKG,Hong Kong,2026-06-22 14:14:00,2026-06-22 16:06:00,2026-06-22 14:14:00,2026-06-22 16:06:00,T2-G22,T2,on-time,A320,0.0,
FL0120,Lufthansa,LU763,PUY,MAA,Chennai,2026-06-22 14:16:00,2026-06-22 16:35:00,2026-06-22 14:16:00,2026-06-22 16:35:00,T1-G15,T1,on-time,B777,0.0,
FL0086,British Airways,BR937,PUY,HYD,Hyderabad,2026-06-22 14:28:00,2026-06-22 19:24:00,,,T3-G09,T3,cancelled,B737,,Air Traffic Control
FL0105,Qatar Airways,QA868,PUY,JFK,New York,2026-06-22 14:44:00,2026-06-22 18:25:00,2026-06-22 14:44:00,2026-06-22 18:25:00,T3-G01,T3,on-time,A321,0.0,
FL0259,Delta Air Lines,DE896,PUY,SIN,Singapore,2026-06-22 15:03:00,2026-06-22 19:25:00,2026-06-22 15:03:00,2026-06-22 19:25:00,T1-G19,T1,on-time,B777,0.0,
FL0097,United Airlines,UN955,PUY,DOH,Doha,2026-06-22 15:21:00,2026-06-22 21:49:00,2026-06-22 15:21:00,2026-06-22 21:49:00,T2-G17,T2,on-time,B787,0.0,
FL0044,IndiGo,IN849,PUY,BOM,Mumbai,2026-06-22 15:24:00,2026-06-22 21:58:00,2026-06-22 15:24:00,2026-06-22 21:58:00,T3-G03,T3,boarding,B777,0.0,
FL0170,Lufthansa,LU259,PUY,CDG,Paris,2026-06-22 15:35:00,2026-06-22 17:09:00,2026-06-22 17:52:00,2026-06-22 19:26:00,T1-G08,T1,delayed,B777,137.0,Security Check
FL0102,Air India,AI428,PUY,BOM,Mumbai,2026-06-22 15:56:00,2026-06-22 21:26:00,2026-06-22 15:56:00,2026-06-22 21:26:00,T2-G01,T2,on-time,B787,0.0,
FL0118,Delta Air Lines,DE831,PUY,DXB,Dubai,2026-06-22 16:11:00,2026-06-22 18:14:00,2026-06-22 16:11:00,2026-06-22 18:14:00,T1-G15,T1,on-time,B737,0.0,
FL0240,Lufthansa,LU967,PUY,SYD,Sydney,2026-06-22 16:38:00,2026-06-23 01:31:00,2026-06-22 18:37:00,2026-06-23 03:30:00,T1-G11,T1,delayed,B777,119.0,Crew Scheduling
FL0145,Air India,AI327,PUY,HYD,Hyderabad,2026-06-22 17:19:00,2026-06-22 19:42:00,2026-06-22 17:19:00,2026-06-22 19:42:00,T1-G23,T1,on-time,B787,0.0,
FL0256,United Airlines,UN324,PUY,BLR,Bengaluru,2026-06-22 17:56:00,2026-06-22 21:44:00,2026-06-22 17:56:00,2026-06-22 21:44:00,T2-G23,T2,on-time,B777,0.0,
FL0124,IndiGo,IN635,PUY,DXB,Dubai,2026-06-22 18:07:00,2026-06-23 01:51:00,2026-06-22 18:07:00,2026-06-23 01:51:00,T2-G07,T2,on-time,A321,0.0,
FL0177,Lufthansa,LU258,PUY,DXB,Dubai,2026-06-22 18:09:00,2026-06-22 19:47:00,2026-06-22 18:09:00,2026-06-22 19:47:00,T3-G10,T3,on-time,B787,0.0,
FL0077,IndiGo,IN204,PUY,BOM,Mumbai,2026-06-22 18:25:00,2026-06-23 02:01:00,2026-06-22 18:25:00,2026-06-23 02:01:00,T1-G02,T1,on-time,B737,0.0,
FL0036,Qatar Airways,QA805,PUY,HYD,Hyderabad,2026-06-22 19:01:00,2026-06-22 22:26:00,2026-06-22 19:01:00,2026-06-22 22:26:00,T3-G20,T3,on-time,A350,0.0,
FL0137,British Airways,BR164,PUY,CDG,Paris,2026-06-22 19:13:00,2026-06-22 22:07:00,2026-06-22 19:13:00,2026-06-22 22:07:00,T1-G14,T1,on-time,B777,0.0,
FL0210,Air India,AI966,PUY,LHR,London,2026-06-22 19:13:00,2026-06-22 21:22:00,2026-06-22 21:39:00,2026-06-22 23:48:00,T3-G17,T3,delayed,A320,146.0,Technical Inspection
FL0016,Singapore Airlines,SI729,PUY,FRA,Frankfurt,2026-06-22 19:29:00,2026-06-22 22:42:00,2026-06-22 19:29:00,2026-06-22 22:42:00,T2-G19,T2,on-time,B777,0.0,
FL0171,Air France,AI474,PUY,CDG,Paris,2026-06-22 20:26:00,2026-06-23 03:11:00,2026-06-22 20:26:00,2026-06-23 03:11:00,T2-G20,T2,on-time,A321,0.0,
FL0144,Air India,AI264,PUY,AUH,Abu Dhabi,2026-06-22 21:14:00,2026-06-23 02:10:00,2026-06-22 21:14:00,2026-06-23 02:10:00,T1-G09,T1,on-time,B737,0.0,
FL0191,Air India,AI817,PUY,HYD,Hyderabad,2026-06-22 21:25:00,2026-06-23 03:11:00,2026-06-22 21:25:00,2026-06-23 03:11:00,T2-G11,T2,on-time,A350,0.0,
FL0047,Emirates,EM489,PUY,FRA,Frankfurt,2026-06-22 21:38:00,2026-06-23 02:03:00,2026-06-22 21:38:00,2026-06-23 02:03:00,T1-G13,T1,on-time,A350,0.0,
FL0092,Air India,AI985,PUY,DXB,Dubai,2026-06-22 22:06:00,2026-06-23 06:52:00,2026-06-22 22:06:00,2026-06-23 06:52:00,T1-G18,T1,on-time,A320,0.0,
FL0214,Lufthansa,LU241,PUY,HYD,Hyderabad,2026-06-22 22:18:00,2026-06-23 05:52:00,2026-06-22 22:18:00,2026-06-23 05:52:00,T2-G06,T2,boarding,B737,0.0,
FL0158,Delta Air Lines,DE282,PUY,AUH,Abu Dhabi,2026-06-23 02:27:00,2026-06-23 09:38:00,2026-06-23 02:27:00,2026-06-23 09:38:00,T2-G23,T2,on-time,B777,0.0,
FL0247,Emirates,EM121,PUY,CCU,Kolkata,2026-06-23 03:34:00,2026-06-23 07:52:00,2026-06-23 03:34:00,2026-06-23 07:52:00,T3-G16,T3,on-time,A350,0.0,
FL0128,Emirates,EM290,PUY,HKG,Hong Kong,2026-06-23 03:41:00,2026-06-23 09:53:00,2026-06-23 05:05:00,2026-06-23 11:17:00,T1-G22,T1,delayed,A350,84.0,Crew Scheduling
FL0015,Emirates,EM371,PUY,ICN,Seoul,2026-06-23 04:33:00,2026-06-23 13:14:00,,,T1-G03,T1,cancelled,A350,,Late Inbound Aircraft
FL0232,Delta Air Lines,DE372,PUY,HYD,Hyderabad,2026-06-23 04:35:00,2026-06-23 09:58:00,2026-06-23 04:35:00,2026-06-23 09:58:00,T3-G19,T3,on-time,A350,0.0,
FL0060,British Airways,BR111,PUY,BOM,Mumbai,2026-06-23 04:59:00,2026-06-23 09:31:00,2026-06-23 04:59:00,2026-06-23 09:31:00,T2-G08,T2,on-time,A321,0.0,
FL0079,Delta Air Lines,DE238,PUY,JFK,New York,2026-06-23 05:29:00,2026-06-23 10:37:00,2026-06-23 07:58:00,2026-06-23 13:06:00,T3-G09,T3,delayed,A320,149.0,Technical Inspection
FL0225,United Airlines,UN141,PUY,BLR,Bengaluru,2026-06-23 05:51:00,2026-06-23 10:37:00,2026-06-23 05:51:00,2026-06-23 10:37:00,T2-G09,T2,on-time,A320,0.0,
FL0245,Delta Air Lines,DE971,PUY,BOM,Mumbai,2026-06-23 05:53:00,2026-06-23 10:43:00,2026-06-23 05:53:00,2026-06-23 10:43:00,T1-G10,T1,on-time,A350,0.0,
FL0152,Air India,AI986,PUY,HYD,Hyderabad,2026-06-23 05:58:00,2026-06-23 07:26:00,2026-06-23 05:58:00,2026-06-23 07:26:00,T3-G18,T3,boarding,B777,0.0,
FL0228,United Airlines,UN257,PUY,BLR,Bengaluru,2026-06-23 06:08:00,2026-06-23 13:35:00,2026-06-23 06:08:00,2026-06-23 13:35:00,T1-G04,T1,on-time,A321,0.0,
FL0091,United Airlines,UN166,PUY,DXB,Dubai,2026-06-23 07:07:00,2026-06-23 14:01:00,2026-06-23 07:07:00,2026-06-23 14:01:00,T2-G24,T2,boarding,B737,0.0,
FL0180,Delta Air Lines,DE517,PUY,DEL,New Delhi,2026-06-23 07:15:00,2026-06-23 08:48:00,2026-06-23 07:15:00,2026-06-23 08:48:00,T2-G15,T2,on-time,A321,0.0,
FL0075,Emirates,EM807,PUY,HKG,Hong Kong,2026-06-23 07:17:00,2026-06-23 12:35:00,2026-06-23 08:41:00,2026-06-23 13:59:00,T1-G16,T1,delayed,B787,84.0,Crew Scheduling
FL0127,Lufthansa,LU243,PUY,ICN,Seoul,2026-06-23 07:18:00,2026-06-23 09:38:00,2026-06-23 09:45:00,2026-06-23 12:05:00,T1-G17,T1,delayed,A321,147.0,Late Inbound Aircraft
FL0073,United Airlines,UN295,PUY,AUH,Abu Dhabi,2026-06-23 07:24:00,2026-06-23 15:46:00,2026-06-23 07:24:00,2026-06-23 15:46:00,T2-G01,T2,on-time,A350,0.0,
FL0099,British Airways,BR202,PUY,JFK,New York,2026-06-23 07:25:00,2026-06-23 15:31:00,2026-06-23 07:25:00,2026-06-23 15:31:00,T1-G17,T1,on-time,A350,0.0,
FL0003,Singapore Airlines,SI304,PUY,BOM,Mumbai,2026-06-23 08:12:00,2026-06-23 16:05:00,2026-06-23 08:12:00,2026-06-23 16:05:00,T2-G20,T2,on-time,A320,0.0,
FL0184,IndiGo,IN526,PUY,SYD,Sydney,2026-06-23 08:22:00,2026-06-23 11:03:00,2026-06-23 08:22:00,2026-06-23 11:03:00,T1-G22,T1,on-time,A320,0.0,
FL0213,Lufthansa,LU750,PUY,BOM,Mumbai,2026-06-23 08:25:00,2026-06-23 15:41:00,2026-06-23 08:25:00,2026-06-23 15:41:00,T3-G21,T3,on-time,B737,0.0,
FL0087,British Airways,BR208,PUY,HYD,Hyderabad,2026-06-23 08:33:00,2026-06-23 12:23:00,2026-06-23 08:33:00,2026-06-23 12:23:00,T1-G24,T1,on-time,B787,0.0,
FL0006,Lufthansa,LU815,PUY,LHR,London,2026-06-23 08:47:00,2026-06-23 10:58:00,2026-06-23 08:47:00,2026-06-23 10:58:00,T1-G14,T1,on-time,B777,0.0,
FL0190,Air France,AI442,PUY,MAA,Chennai,2026-06-23 09:02:00,2026-06-23 13:52:00,2026-06-23 09:02:00,2026-06-23 13:52:00,T1-G04,T1,on-time,A321,0.0,
FL0161,Lufthansa,LU733,PUY,FRA,Frankfurt,2026-06-23 09:11:00,2026-06-23 15:18:00,,,T1-G10,T1,cancelled,B787,,Air Traffic Control
FL0252,British Airways,BR623,PUY,HYD,Hyderabad,2026-06-23 09:31:00,2026-06-23 18:12:00,2026-06-23 09:31:00,2026-06-23 18:12:00,T1-G22,T1,on-time,B777,0.0,
FL0069,Air India,AI792,PUY,LHR,London,2026-06-23 09:43:00,2026-06-23 18:33:00,2026-06-23 09:43:00,2026-06-23 18:33:00,T3-G07,T3,on-time,B737,0.0,
FL0053,Emirates,EM145,PUY,BOM,Mumbai,2026-06-23 09:44:00,2026-06-23 15:43:00,2026-06-23 09:44:00,2026-06-23 15:43:00,T2-G01,T2,on-time,B737,0.0,
FL0193,British Airways,BR361,PUY,NRT,Tokyo,2026-06-23 09:51:00,2026-06-23 15:21:00,2026-06-23 09:51:00,2026-06-23 15:21:00,T1-G02,T1,on-time,A350,0.0,
FL0141,Qatar Airways,QA471,PUY,BOM,Mumbai,2026-06-23 09:53:00,2026-06-23 17:56:00,2026-06-23 09:53:00,2026-06-23 17:56:00,T3-G18,T3,on-time,B737,0.0,
FL0166,Air India,AI123,PUY,CDG,Paris,2026-06-23 10:04:00,2026-06-23 16:05:00,2026-06-23 10:04:00,2026-06-23 16:05:00,T3-G16,T3,on-time,A320,0.0,
FL0160,Delta Air Lines,DE886,PUY,AUH,Abu Dhabi,2026-06-23 10:12:00,2026-06-23 12:44:00,2026-06-23 10:12:00,2026-06-23 12:44:00,T3-G23,T3,on-time,A321,0.0,
FL0176,Delta Air Lines,DE377,PUY,HKG,Hong Kong,2026-06-23 10:17:00,2026-06-23 13:10:00,2026-06-23 10:17:00,2026-06-23 13:10:00,T3-G24,T3,on-time,A320,0.0,
FL0258,IndiGo,IN856,PUY,CDG,Paris,2026-06-23 10:19:00,2026-06-23 18:53:00,2026-06-23 11:04:00,2026-06-23 19:38:00,T2-G13,T2,delayed,A321,45.0,Security Check
FL0033,Air India,AI490,PUY,DXB,Dubai,2026-06-23 10:34:00,2026-06-23 18:59:00,2026-06-23 10:34:00,2026-06-23 18:59:00,T1-G04,T1,on-time,A350,0.0,
FL0082,Air France,AI685,PUY,DXB,Dubai,2026-06-23 10:47:00,2026-06-23 15:27:00,2026-06-23 10:47:00,2026-06-23 15:27:00,T1-G21,T1,on-time,B777,0.0,
FL0004,Delta Air Lines,DE161,PUY,AUH,Abu Dhabi,2026-06-23 10:51:00,2026-06-23 19:00:00,2026-06-23 10:51:00,2026-06-23 19:00:00,T1-G09,T1,on-time,A350,0.0,
FL0074,Singapore Airlines,SI185,PUY,SYD,Sydney,2026-06-23 10:57:00,2026-06-23 16:32:00,2026-06-23 10:57:00,2026-06-23 16:32:00,T2-G15,T2,on-time,B737,0.0,
FL0112,IndiGo,IN399,PUY,CDG,Paris,2026-06-23 11:14:00,2026-06-23 16:03:00,2026-06-23 11:14:00,2026-06-23 16:03:00,T1-G21,T1,on-time,A321,0.0,
FL0201,Air France,AI482,PUY,CCU,Kolkata,2026-06-23 11:15:00,2026-06-23 13:25:00,2026-06-23 11:15:00,2026-06-23 13:25:00,T3-G03,T3,on-time,A321,0.0,
FL0212,Singapore Airlines,SI733,PUY,BLR,Bengaluru,2026-06-23 11:24:00,2026-06-23 19:19:00,2026-06-23 11:24:00,2026-06-23 19:19:00,T1-G10,T1,on-time,A321,0.0,
FL0222,British Airways,BR982,PUY,DEL,New Delhi,2026-06-23 11:28:00,2026-06-23 14:50:00,2026-06-23 11:28:00,2026-06-23 14:50:00,T1-G12,T1,on-time,B777,0.0,
FL0179,Qatar Airways,QA298,PUY,FRA,Frankfurt,2026-06-23 11:43:00,2026-06-23 14:51:00,2026-06-23 13:12:00,2026-06-23 16:20:00,T2-G18,T2,delayed,B777,89.0,Technical Inspection
FL0090,United Airlines,UN657,PUY,HYD,Hyderabad,2026-06-23 11:44:00,2026-06-23 17:59:00,2026-06-23 14:09:00,2026-06-23 20:24:00,T2-G22,T2,delayed,A321,145.0,Technical Inspection
FL0173,Emirates,EM100,PUY,BOM,Mumbai,2026-06-23 11:49:00,2026-06-23 13:45:00,2026-06-23 11:49:00,2026-06-23 13:45:00,T2-G01,T2,on-time,B777,0.0,
FL0140,Delta Air Lines,DE642,PUY,CCU,Kolkata,2026-06-23 11:52:00,2026-06-23 13:58:00,2026-06-23 13:30:00,2026-06-23 15:36:00,T1-G10,T1,delayed,A321,98.0,Air Traffic Control
FL0215,Air France,AI136,PUY,JFK,New York,2026-06-23 11:58:00,2026-06-23 13:31:00,2026-06-23 11:58:00,2026-06-23 13:31:00,T1-G04,T1,on-time,A321,0.0,
FL0143,Lufthansa,LU565,PUY,SIN,Singapore,2026-06-23 12:09:00,2026-06-23 16:23:00,2026-06-23 12:09:00,2026-06-23 16:23:00,T2-G13,T2,on-time,A350,0.0,
FL0207,Air France,AI282,PUY,ICN,Seoul,2026-06-23 12:27:00,2026-06-23 15:58:00,2026-06-23 14:45:00,2026-06-23 18:16:00,T1-G08,T1,delayed,B787,138.0,Weather
FL0220,British Airways,BR547,PUY,DOH,Doha,2026-06-23 12:34:00,2026-06-23 21:04:00,2026-06-23 12:34:00,2026-06-23 21:04:00,T3-G11,T3,on-time,A320,0.0,
FL0216,Lufthansa,LU920,PUY,JFK,New York,2026-06-23 12:57:00,2026-06-23 20:21:00,2026-06-23 14:35:00,2026-06-23 21:59:00,T3-G05,T3,delayed,B787,98.0,Crew Scheduling
FL0168,United Airlines,UN239,PUY,CDG,Paris,2026-06-23 13:02:00,2026-06-23 18:31:00,2026-06-23 13:02:00,2026-06-23 18:31:00,T2-G20,T2,boarding,B737,0.0,
FL0138,United Airlines,UN461,PUY,DOH,Doha,2026-06-23 13:11:00,2026-06-23 15:38:00,2026-06-23 13:11:00,2026-06-23 15:38:00,T1-G03,T1,on-time,B787,0.0,
FL0045,Air France,AI388,PUY,MAA,Chennai,2026-06-23 13:15:00,2026-06-23 20:31:00,2026-06-23 13:15:00,2026-06-23 20:31:00,T3-G18,T3,on-time,A320,0.0,
FL0260,Emirates,EM406,PUY,AUH,Abu Dhabi,2026-06-23 13:42:00,2026-06-23 20:25:00,2026-06-23 13:42:00,2026-06-23 20:25:00,T2-G23,T2,on-time,B737,0.0,
FL0019,Qatar Airways,QA185,PUY,NRT,Tokyo,2026-06-23 13:53:00,2026-06-23 15:42:00,2026-06-23 13:53:00,2026-06-23 15:42:00,T1-G05,T1,on-time,A350,0.0,
FL0089,Singapore Airlines,SI228,PUY,SYD,Sydney,2026-06-23 14:18:00,2026-06-23 15:31:00,2026-06-23 14:18:00,2026-06-23 15:31:00,T2-G13,T2,boarding,B737,0.0,
FL0132,Singapore Airlines,SI160,PUY,LHR,London,2026-06-23 14:23:00,2026-06-23 18:30:00,2026-06-23 14:23:00,2026-06-23 18:30:00,T1-G08,T1,on-time,A320,0.0,
FL0072,Air India,AI183,PUY,SIN,Singapore,2026-06-23 14:39:00,2026-06-23 19:10:00,2026-06-23 14:39:00,2026-06-23 19:10:00,T2-G24,T2,on-time,A350,0.0,
FL0146,Qatar Airways,QA972,PUY,CDG,Paris,2026-06-23 14:40:00,2026-06-23 19:59:00,2026-06-23 15:45:00,2026-06-23 21:04:00,T3-G04,T3,delayed,B777,65.0,Technical Inspection
FL0039,Air India,AI892,PUY,BOM,Mumbai,2026-06-23 14:42:00,2026-06-23 20:31:00,2026-06-23 14:42:00,2026-06-23 20:31:00,T3-G08,T3,on-time,A321,0.0,
FL0071,Air India,AI233,PUY,FRA,Frankfurt,2026-06-23 14:44:00,2026-06-23 23:03:00,2026-06-23 14:44:00,2026-06-23 23:03:00,T1-G12,T1,on-time,B787,0.0,
FL0218,Lufthansa,LU792,PUY,DXB,Dubai,2026-06-23 14:57:00,2026-06-23 20:56:00,2026-06-23 14:57:00,2026-06-23 20:56:00,T2-G08,T2,on-time,A321,0.0,
FL0163,Qatar Airways,QA315,PUY,SYD,Sydney,2026-06-23 15:03:00,2026-06-23 18:36:00,2026-06-23 15:03:00,2026-06-23 18:36:00,T2-G07,T2,on-time,A350,0.0,
FL0022,Emirates,EM537,PUY,ICN,Seoul,2026-06-23 15:04:00,2026-06-23 17:29:00,2026-06-23 15:04:00,2026-06-23 17:29:00,T2-G14,T2,on-time,B777,0.0,
FL0206,Lufthansa,LU485,PUY,DXB,Dubai,2026-06-23 15:11:00,2026-06-23 17:57:00,2026-06-23 15:11:00,2026-06-23 17:57:00,T3-G13,T3,on-time,A350,0.0,
FL0151,Lufthansa,LU693,PUY,NRT,Tokyo,2026-06-23 15:13:00,2026-06-23 21:11:00,2026-06-23 15:13:00,2026-06-23 21:11:00,T1-G23,T1,on-time,B737,0.0,
FL0205,Singapore Airlines,SI301,PUY,MAA,Chennai,2026-06-23 15:20:00,2026-06-24 00:07:00,2026-06-23 15:20:00,2026-06-24 00:07:00,T2-G24,T2,on-time,B787,0.0,
FL0068,British Airways,BR148,PUY,BOM,Mumbai,2026-06-23 15:22:00,2026-06-23 18:14:00,2026-06-23 15:22:00,2026-06-23 18:14:00,T2-G22,T2,on-time,A350,0.0,
FL0123,Qatar Airways,QA748,PUY,DEL,New Delhi,2026-06-23 15:33:00,2026-06-23 21:22:00,2026-06-23 15:33:00,2026-06-23 21:22:00,T2-G24,T2,on-time,B787,0.0,
FL0242,Emirates,EM286,PUY,CCU,Kolkata,2026-06-23 15:45:00,2026-06-23 22:55:00,2026-06-23 15:45:00,2026-06-23 22:55:00,T1-G03,T1,on-time,A350,0.0,
FL0237,Singapore Airlines,SI409,PUY,AUH,Abu Dhabi,2026-06-23 15:45:00,2026-06-23 18:36:00,,,T1-G05,T1,cancelled,B777,,Weather
FL0227,Air France,AI354,PUY,LHR,London,2026-06-23 15:48:00,2026-06-23 19:14:00,2026-06-23 15:48:00,2026-06-23 19:14:00,T3-G18,T3,on-time,B777,0.0,
FL0150,Air India,AI808,PUY,NRT,Tokyo,2026-06-23 16:05:00,2026-06-23 20:19:00,2026-06-23 16:05:00,2026-06-23 20:19:00,T1-G10,T1,on-time,B777,0.0,
FL0182,British Airways,BR504,PUY,SYD,Sydney,2026-06-23 16:09:00,2026-06-23 22:37:00,2026-06-23 18:08:00,2026-06-24 00:36:00,T1-G01,T1,delayed,A321,119.0,Crew Scheduling
FL0155,Singapore Airlines,SI407,PUY,ICN,Seoul,2026-06-23 16:10:00,2026-06-23 19:21:00,2026-06-23 16:10:00,2026-06-23 19:21:00,T1-G04,T1,on-time,A321,0.0,
FL0052,Air India,AI819,PUY,CDG,Paris,2026-06-23 16:11:00,2026-06-24 01:09:00,2026-06-23 16:11:00,2026-06-24 01:09:00,T3-G20,T3,on-time,A320,0.0,
FL0251,United Airlines,UN244,PUY,BLR,Bengaluru,2026-06-23 16:14:00,2026-06-23 19:39:00,2026-06-23 16:14:00,2026-06-23 19:39:00,T1-G08,T1,on-time,B737,0.0,
FL0008,Lufthansa,LU315,PUY,ICN,Seoul,2026-06-23 16:23:00,2026-06-23 18:38:00,2026-06-23 16:23:00,2026-06-23 18:38:00,T1-G20,T1,on-time,B777,0.0,
FL0051,Air India,AI671,PUY,BOM,Mumbai,2026-06-23 16:39:00,2026-06-23 23:30:00,2026-06-23 16:39:00,2026-06-23 23:30:00,T3-G18,T3,boarding,A320,0.0,
FL0088,Lufthansa,LU259,PUY,DEL,New Delhi,2026-06-23 16:41:00,2026-06-23 19:52:00,2026-06-23 16:41:00,2026-06-23 19:52:00,T3-G01,T3,on-time,B777,0.0,
FL0204,Singapore Airlines,SI937,PUY,LHR,London,2026-06-23 16:42:00,2026-06-23 18:57:00,,,T1-G05,T1,cancelled,A320,,Air Traffic Control
FL0001,IndiGo,IN795,PUY,NRT,Tokyo,2026-06-23 16:45:00,2026-06-23 18:35:00,2026-06-23 19:11:00,2026-06-23 21:01:00,T1-G17,T1,delayed,B737,146.0,Security Check
FL0200,Lufthansa,LU205,PUY,BOM,Mumbai,2026-06-23 16:46:00,2026-06-24 00:17:00,2026-06-23 16:46:00,2026-06-24 00:17:00,T2-G16,T2,on-time,B787,0.0,
FL0248,IndiGo,IN245,PUY,MAA,Chennai,2026-06-23 16:48:00,2026-06-23 19:13:00,2026-06-23 18:57:00,2026-06-23 21:22:00,T3-G06,T3,delayed,B737,129.0,Weather
FL0107,Air France,AI340,PUY,MAA,Chennai,2026-06-23 16:57:00,2026-06-23 19:34:00,2026-06-23 16:57:00,2026-06-23 19:34:00,T1-G11,T1,boarding,B737,0.0,
FL0017,Singapore Airlines,SI171,PUY,BOM,Mumbai,2026-06-23 17:12:00,2026-06-24 01:26:00,2026-06-23 17:12:00,2026-06-24 01:26:00,T1-G18,T1,on-time,A321,0.0,
FL0131,Lufthansa,LU663,PUY,SIN,Singapore,2026-06-23 17:15:00,2026-06-23 23:11:00,,,T2-G01,T2,cancelled,B737,,Crew Scheduling
FL0153,Singapore Airlines,SI577,PUY,BLR,Bengaluru,2026-06-23 17:21:00,2026-06-23 21:20:00,2026-06-23 17:21:00,2026-06-23 21:20:00,T1-G23,T1,on-time,B777,0.0,
FL0186,Lufthansa,LU572,PUY,HKG,Hong Kong,2026-06-23 17:26:00,2026-06-23 20:40:00,,,T1-G20,T1,cancelled,B787,,Security Check
FL0108,Delta Air Lines,DE560,PUY,CCU,Kolkata,2026-06-23 17:45:00,2026-06-24 02:15:00,2026-06-23 17:45:00,2026-06-24 02:15:00,T1-G24,T1,on-time,A321,0.0,
FL0125,British Airways,BR775,PUY,ICN,Seoul,2026-06-23 18:29:00,2026-06-24 01:20:00,2026-06-23 18:29:00,2026-06-24 01:20:00,T3-G18,T3,on-time,B787,0.0,
FL0169,IndiGo,IN998,PUY,DEL,New Delhi,2026-06-23 20:53:00,2026-06-24 03:24:00,2026-06-23 20:53:00,2026-06-24 03:24:00,T3-G18,T3,on-time,A321,0.0,
FL0148,Delta Air Lines,DE148,PUY,BLR,Bengaluru,2026-06-23 21:05:00,2026-06-24 04:28:00,2026-06-23 21:05:00,2026-06-24 04:28:00,T3-G13,T3,on-time,A350,0.0,
FL0254,Air France,AI452,PUY,HKG,Hong Kong,2026-06-23 21:59:00,2026-06-24 04:08:00,2026-06-23 21:59:00,2026-06-24 04:08:00,T3-G06,T3,on-time,A320,0.0,
FL0233,Singapore Airlines,SI121,PUY,HYD,Hyderabad,2026-06-23 23:16:00,2026-06-24 08:15:00,2026-06-24 00:19:00,2026-06-24 09:18:00,T3-G20,T3,delayed,B787,63.0,Technical Inspection
FL0037,Emirates,EM787,PUY,SYD,Sydney,2026-06-24 00:03:00,2026-06-24 08:00:00,2026-06-24 00:03:00,2026-06-24 08:00:00,T2-G03,T2,on-time,A350,0.0,
FL0046,Lufthansa,LU562,PUY,AUH,Abu Dhabi,2026-06-24 00:10:00,2026-06-24 07:28:00,2026-06-24 00:10:00,2026-06-24 07:28:00,T2-G10,T2,on-time,A321,0.0,
FL0084,Emirates,EM274,PUY,FRA,Frankfurt,2026-06-24 01:01:00,2026-06-24 06:46:00,2026-06-24 03:11:00,2026-06-24 08:56:00,T1-G07,T1,delayed,A321,130.0,Crew Scheduling
FL0035,Qatar Airways,QA750,PUY,DXB,Dubai,2026-06-24 01:35:00,2026-06-24 06:01:00,2026-06-24 02:48:00,2026-06-24 07:14:00,T2-G05,T2,delayed,B787,73.0,Technical Inspection
FL0197,IndiGo,IN123,PUY,HKG,Hong Kong,2026-06-24 02:08:00,2026-06-24 05:10:00,2026-06-24 02:23:00,2026-06-24 05:25:00,T2-G12,T2,delayed,A350,15.0,Late Inbound Aircraft
FL0142,United Airlines,UN580,PUY,DOH,Doha,2026-06-24 03:35:00,2026-06-24 06:41:00,2026-06-24 03:50:00,2026-06-24 06:56:00,T1-G01,T1,delayed,B787,15.0,Security Check
FL0119,Singapore Airlines,SI840,PUY,BOM,Mumbai,2026-06-24 04:04:00,2026-06-24 05:28:00,2026-06-24 06:13:00,2026-06-24 07:37:00,T1-G17,T1,delayed,A320,129.0,Security Check
FL0250,Air India,AI801,PUY,DXB,Dubai,2026-06-24 04:10:00,2026-06-24 12:58:00,2026-06-24 05:36:00,2026-06-24 14:24:00,T3-G11,T3,delayed,A321,86.0,Weather
FL0209,British Airways,BR812,PUY,FRA,Frankfurt,2026-06-24 04:20:00,2026-06-24 05:59:00,2026-06-24 04:20:00,2026-06-24 05:59:00,T1-G19,T1,on-time,A321,0.0,
FL0115,Air France,AI938,PUY,LHR,London,2026-06-24 04:54:00,2026-06-24 06:18:00,2026-06-24 04:54:00,2026-06-24 06:18:00,T2-G12,T2,on-time,A321,0.0,
FL0199,Emirates,EM582,PUY,JFK,New York,2026-06-24 05:07:00,2026-06-24 12:29:00,2026-06-24 06:42:00,2026-06-24 14:04:00,T1-G21,T1,delayed,B787,95.0,Crew Scheduling
FL0038,Air India,AI686,PUY,AUH,Abu Dhabi,2026-06-24 05:39:00,2026-06-24 10:58:00,2026-06-24 07:34:00,2026-06-24 12:53:00,T1-G06,T1,delayed,B787,115.0,Late Inbound Aircraft
FL0061,Singapore Airlines,SI563,PUY,CCU,Kolkata,2026-06-24 05:56:00,2026-06-24 13:13:00,2026-06-24 05:56:00,2026-06-24 13:13:00,T3-G02,T3,on-time,B787,0.0,
FL0221,Singapore Airlines,SI928,PUY,CDG,Paris,2026-06-24 06:02:00,2026-06-24 07:43:00,2026-06-24 06:02:00,2026-06-24 07:43:00,T1-G18,T1,on-time,B737,0.0,
FL0121,Air India,AI154,PUY,LHR,London,2026-06-24 06:29:00,2026-06-24 11:37:00,2026-06-24 06:29:00,2026-06-24 11:37:00,T1-G23,T1,boarding,A320,0.0,
FL0249,Emirates,EM570,PUY,DEL,New Delhi,2026-06-24 06:54:00,2026-06-24 14:51:00,2026-06-24 06:54:00,2026-06-24 14:51:00,T2-G13,T2,on-time,B777,0.0,
FL0032,Emirates,EM555,PUY,CCU,Kolkata,2026-06-24 06:54:00,2026-06-24 11:20:00,2026-06-24 08:45:00,2026-06-24 13:11:00,T3-G05,T3,delayed,A320,111.0,Security Check
FL0050,IndiGo,IN359,PUY,LHR,London,2026-06-24 07:06:00,2026-06-24 12:56:00,2026-06-24 07:06:00,2026-06-24 12:56:00,T3-G17,T3,on-time,B787,0.0,
FL0147,United Airlines,UN237,PUY,MAA,Chennai,2026-06-24 07:11:00,2026-06-24 12:43:00,2026-06-24 07:11:00,2026-06-24 12:43:00,T1-G02,T1,on-time,A320,0.0,
FL0129,Delta Air Lines,DE580,PUY,MAA,Chennai,2026-06-24 07:21:00,2026-06-24 12:58:00,2026-06-24 08:43:00,2026-06-24 14:20:00,T3-G17,T3,delayed,B787,82.0,Weather
FL0189,Air France,AI923,PUY,MAA,Chennai,2026-06-24 07:23:00,2026-06-24 09:53:00,2026-06-24 07:23:00,2026-06-24 09:53:00,T2-G13,T2,boarding,A350,0.0,
FL0165,Emirates,EM224,PUY,ICN,Seoul,2026-06-24 07:25:00,2026-06-24 09:29:00,2026-06-24 07:25:00,2026-06-24 09:29:00,T3-G10,T3,on-time,A321,0.0,
FL0095,United Airlines,UN149,PUY,HKG,Hong Kong,2026-06-24 07:49:00,2026-06-24 09:21:00,2026-06-24 08:05:00,2026-06-24 09:37:00,T2-G19,T2,delayed,B777,16.0,Late Inbound Aircraft
FL0133,IndiGo,IN405,PUY,DEL,New Delhi,2026-06-24 08:05:00,2026-06-24 10:48:00,2026-06-24 08:05:00,2026-06-24 10:48:00,T3-G03,T3,on-time,B737,0.0,
FL0025,Air India,AI652,PUY,CCU,Kolkata,2026-06-24 08:10:00,2026-06-24 11:08:00,2026-06-24 09:27:00,2026-06-24 12:25:00,T2-G14,T2,delayed,A350,77.0,Security Check
FL0235,British Airways,BR677,PUY,HYD,Hyderabad,2026-06-24 08:12:00,2026-06-24 10:13:00,2026-06-24 08:12:00,2026-06-24 10:13:00,T3-G02,T3,boarding,B787,0.0,
FL0188,Qatar Airways,QA572,PUY,DXB,Dubai,2026-06-24 08:29:00,2026-06-24 11:17:00,2026-06-24 08:29:00,2026-06-24 11:17:00,T1-G10,T1,on-time,A350,0.0,
FL0239,United Airlines,UN928,PUY,CCU,Kolkata,2026-06-24 08:55:00,2026-06-24 11:10:00,2026-06-24 08:55:00,2026-06-24 11:10:00,T3-G11,T3,on-time,A321,0.0,
FL0181,Emirates,EM781,PUY,BOM,Mumbai,2026-06-24 09:11:00,2026-06-24 11:35:00,2026-06-24 09:11:00,2026-06-24 11:35:00,T1-G10,T1,on-time,A320,0.0,
FL0043,Emirates,EM677,PUY,SYD,Sydney,2026-06-24 09:11:00,2026-06-24 13:36:00,2026-06-24 09:11:00,2026-06-24 13:36:00,T1-G23,T1,on-time,B737,0.0,
FL0224,Singapore Airlines,SI695,PUY,MAA,Chennai,2026-06-24 09:22:00,2026-06-24 16:03:00,2026-06-24 09:22:00,2026-06-24 16:03:00,T2-G09,T2,on-time,B737,0.0,
FL0042,Air France,AI553,PUY,BLR,Bengaluru,2026-06-24 09:23:00,2026-06-24 14:45:00,2026-06-24 09:23:00,2026-06-24 14:45:00,T1-G02,T1,on-time,B787,0.0,
FL0013,Singapore Airlines,SI465,PUY,CDG,Paris,2026-06-24 09:41:00,2026-06-24 13:28:00,2026-06-24 09:41:00,2026-06-24 13:28:00,T1-G01,T1,on-time,B777,0.0,
FL0238,Delta Air Lines,DE462,PUY,BOM,Mumbai,2026-06-24 09:51:00,2026-06-24 16:16:00,2026-06-24 09:51:00,2026-06-24 16:16:00,T1-G05,T1,on-time,A321,0.0,
FL0230,Emirates,EM502,PUY,CDG,Paris,2026-06-24 09:52:00,2026-06-24 13:41:00,2026-06-24 09:52:00,2026-06-24 13:41:00,T1-G09,T1,on-time,A321,0.0,
FL0257,Singapore Airlines,SI297,PUY,CCU,Kolkata,2026-06-24 10:18:00,2026-06-24 16:12:00,2026-06-24 11:20:00,2026-06-24 17:14:00,T1-G12,T1,delayed,A350,62.0,Security Check
FL0104,British Airways,BR392,PUY,CCU,Kolkata,2026-06-24 10:23:00,2026-06-24 19:15:00,2026-06-24 10:23:00,2026-06-24 19:15:00,T2-G18,T2,on-time,B737,0.0,
FL0009,Singapore Airlines,SI733,PUY,JFK,New York,2026-06-24 10:38:00,2026-06-24 15:45:00,2026-06-24 10:38:00,2026-06-24 15:45:00,T1-G14,T1,on-time,A321,0.0,
FL0134,United Airlines,UN529,PUY,LHR,London,2026-06-24 10:57:00,2026-06-24 13:34:00,2026-06-24 10:57:00,2026-06-24 13:34:00,T2-G11,T2,on-time,A321,0.0,
FL0246,Air India,AI815,PUY,LHR,London,2026-06-24 11:04:00,2026-06-24 17:13:00,2026-06-24 11:04:00,2026-06-24 17:13:00,T1-G07,T1,on-time,A320,0.0,
FL0172,United Airlines,UN612,PUY,HYD,Hyderabad,2026-06-24 11:11:00,2026-06-24 13:06:00,2026-06-24 11:11:00,2026-06-24 13:06:00,T2-G07,T2,on-time,A320,0.0,
FL0229,Lufthansa,LU735,PUY,DOH,Doha,2026-06-24 11:13:00,2026-06-24 17:54:00,2026-06-24 11:42:00,2026-06-24 18:23:00,T2-G06,T2,delayed,B777,29.0,Security Check
FL0070,Singapore Airlines,SI230,PUY,JFK,New York,2026-06-24 11:17:00,2026-06-24 15:43:00,,,T2-G14,T2,cancelled,A321,,Crew Scheduling
FL0010,Air India,AI688,PUY,FRA,Frankfurt,2026-06-24 11:19:00,2026-06-24 16:54:00,2026-06-24 11:19:00,2026-06-24 16:54:00,T2-G14,T2,on-time,B737,0.0,
FL0048,Singapore Airlines,SI441,PUY,LHR,London,2026-06-24 11:19:00,2026-06-24 18:41:00,2026-06-24 11:19:00,2026-06-24 18:41:00,T3-G23,T3,on-time,B787,0.0,
FL0130,IndiGo,IN283,PUY,CDG,Paris,2026-06-24 11:19:00,2026-06-24 14:07:00,2026-06-24 13:11:00,2026-06-24 15:59:00,T1-G24,T1,delayed,B777,112.0,Crew Scheduling
FL0149,Delta Air Lines,DE102,PUY,DOH,Doha,2026-06-24 11:43:00,2026-06-24 19:45:00,2026-06-24 11:43:00,2026-06-24 19:45:00,T2-G02,T2,on-time,B777,0.0,
FL0109,IndiGo,IN614,PUY,BOM,Mumbai,2026-06-24 11:59:00,2026-06-24 16:42:00,2026-06-24 11:59:00,2026-06-24 16:42:00,T1-G02,T1,on-time,A320,0.0,
FL0202,United Airlines,UN734,PUY,SIN,Singapore,2026-06-24 11:59:00,2026-06-24 19:59:00,2026-06-24 11:59:00,2026-06-24 19:59:00,T2-G13,T2,on-time,A350,0.0,
FL0226,Lufthansa,LU663,PUY,DXB,Dubai,2026-06-24 12:02:00,2026-06-24 18:56:00,2026-06-24 12:02:00,2026-06-24 18:56:00,T1-G07,T1,on-time,A320,0.0,
FL0076,United Airlines,UN215,PUY,CCU,Kolkata,2026-06-24 12:08:00,2026-06-24 17:14:00,2026-06-24 13:14:00,2026-06-24 18:20:00,T3-G06,T3,delayed,A321,66.0,Technical Inspection
FL0192,Lufthansa,LU933,PUY,MAA,Chennai,2026-06-24 12:08:00,2026-06-24 19:21:00,2026-06-24 12:08:00,2026-06-24 19:21:00,T2-G08,T2,on-time,B787,0.0,
FL0085,British Airways,BR683,PUY,CDG,Paris,2026-06-24 12:12:00,2026-06-24 18:10:00,2026-06-24 12:12:00,2026-06-24 18:10:00,T1-G02,T1,on-time,B777,0.0,
FL0023,Emirates,EM589,PUY,DOH,Doha,2026-06-24 12:17:00,2026-06-24 16:53:00,2026-06-24 12:17:00,2026-06-24 16:53:00,T3-G01,T3,on-time,B787,0.0,
FL0223,United Airlines,UN772,PUY,MAA,Chennai,2026-06-24 12:25:00,2026-06-24 16:56:00,2026-06-24 12:25:00,2026-06-24 16:56:00,T3-G19,T3,on-time,B737,0.0,
FL0203,British Airways,BR246,PUY,NRT,Tokyo,2026-06-24 12:53:00,2026-06-24 20:14:00,2026-06-24 12:53:00,2026-06-24 20:14:00,T1-G15,T1,on-time,B737,0.0,
FL0103,Qatar Airways,QA504,PUY,CDG,Paris,2026-06-24 12:54:00,2026-06-24 21:34:00,2026-06-24 14:01:00,2026-06-24 22:41:00,T2-G24,T2,delayed,A321,67.0,Air Traffic Control
FL0178,Air India,AI261,PUY,FRA,Frankfurt,2026-06-24 13:00:00,2026-06-24 17:14:00,2026-06-24 13:00:00,2026-06-24 17:14:00,T3-G23,T3,on-time,B787,0.0,
FL0196,Lufthansa,LU193,PUY,CCU,Kolkata,2026-06-24 13:07:00,2026-06-24 18:49:00,2026-06-24 13:07:00,2026-06-24 18:49:00,T1-G23,T1,on-time,B777,0.0,
FL0241,Lufthansa,LU763,PUY,HYD,Hyderabad,2026-06-24 13:08:00,2026-06-24 15:58:00,2026-06-24 13:08:00,2026-06-24 15:58:00,T2-G09,T2,on-time,B787,0.0,
FL0114,Singapore Airlines,SI514,PUY,HYD,Hyderabad,2026-06-24 13:17:00,2026-06-24 19:10:00,2026-06-24 13:17:00,2026-06-24 19:10:00,T1-G02,T1,on-time,A320,0.0,
FL0175,Singapore Airlines,SI454,PUY,DOH,Doha,2026-06-24 13:18:00,2026-06-24 17:01:00,2026-06-24 13:18:00,2026-06-24 17:01:00,T2-G19,T2,on-time,B737,0.0,
FL0135,IndiGo,IN532,PUY,BOM,Mumbai,2026-06-24 13:18:00,2026-06-24 19:44:00,2026-06-24 13:18:00,2026-06-24 19:44:00,T1-G12,T1,on-time,A321,0.0,
FL0018,British Airways,BR258,PUY,FRA,Frankfurt,2026-06-24 13:21:00,2026-06-24 18:22:00,2026-06-24 13:21:00,2026-06-24 18:22:00,T2-G18,T2,on-time,A321,0.0,
FL0116,Emirates,EM630,PUY,ICN,Seoul,2026-06-24 13:29:00,2026-06-24 16:50:00,2026-06-24 14:05:00,2026-06-24 17:26:00,T2-G21,T2,delayed,A350,36.0,Late Inbound Aircraft
FL0194,Lufthansa,LU249,PUY,DOH,Doha,2026-06-24 13:29:00,2026-06-24 21:24:00,2026-06-24 13:29:00,2026-06-24 21:24:00,T2-G06,T2,on-time,B777,0.0,
FL0012,United Airlines,UN838,PUY,BOM,Mumbai,2026-06-24 13:42:00,2026-06-24 17:04:00,2026-06-24 16:11:00,2026-06-24 19:33:00,T2-G04,T2,delayed,B737,149.0,Crew Scheduling
FL0101,British Airways,BR869,PUY,ICN,Seoul,2026-06-24 13:49:00,2026-06-24 19:38:00,2026-06-24 13:49:00,2026-06-24 19:38:00,T3-G06,T3,on-time,A350,0.0,
FL0100,Singapore Airlines,SI825,PUY,DOH,Doha,2026-06-24 13:51:00,2026-06-24 21:05:00,2026-06-24 13:51:00,2026-06-24 21:05:00,T1-G10,T1,boarding,A320,0.0,
FL0065,United Airlines,UN701,PUY,MAA,Chennai,2026-06-24 13:59:00,2026-06-24 22:25:00,2026-06-24 13:59:00,2026-06-24 22:25:00,T2-G20,T2,on-time,B787,0.0,
FL0159,Emirates,EM157,PUY,SIN,Singapore,2026-06-24 14:00:00,2026-06-24 22:48:00,2026-06-24 14:00:00,2026-06-24 22:48:00,T2-G14,T2,on-time,A320,0.0,
FL0056,Delta Air Lines,DE399,PUY,BLR,Bengaluru,2026-06-24 14:10:00,2026-06-24 20:18:00,2026-06-24 14:10:00,2026-06-24 20:18:00,T1-G07,T1,on-time,B737,0.0,
FL0096,Delta Air Lines,DE764,PUY,CDG,Paris,2026-06-24 14:12:00,2026-06-24 22:28:00,2026-06-24 14:12:00,2026-06-24 22:28:00,T2-G06,T2,on-time,A321,0.0,
FL0055,Air France,AI806,PUY,DXB,Dubai,2026-06-24 14:50:00,2026-06-24 16:41:00,2026-06-24 14:50:00,2026-06-24 16:41:00,T2-G23,T2,on-time,B777,0.0,
FL0026,Air France,AI385,PUY,LHR,London,2026-06-24 14:55:00,2026-06-24 20:57:00,2026-06-24 14:55:00,2026-06-24 20:57:00,T1-G13,T1,on-time,B787,0.0,
FL0253,Delta Air Lines,DE327,PUY,DOH,Doha,2026-06-24 14:56:00,2026-06-24 17:34:00,,,T3-G01,T3,cancelled,B777,,Weather
FL0054,Qatar Airways,QA569,PUY,BLR,Bengaluru,2026-06-24 15:04:00,2026-06-24 20:17:00,2026-06-24 15:04:00,2026-06-24 20:17:00,T2-G12,T2,on-time,A320,0.0,
FL0049,Singapore Airlines,SI513,PUY,DOH,Doha,2026-06-24 15:11:00,2026-06-24 22:59:00,2026-06-24 15:11:00,2026-06-24 22:59:00,T3-G14,T3,on-time,B737,0.0,
FL0244,Delta Air Lines,DE720,PUY,DXB,Dubai,2026-06-24 15:15:00,2026-06-24 21:31:00,2026-06-24 16:03:00,2026-06-24 22:19:00,T3-G10,T3,delayed,A320,48.0,Weather
FL0208,Emirates,EM153,PUY,DEL,New Delhi,2026-06-24 15:19:00,2026-06-24 22:08:00,2026-06-24 15:19:00,2026-06-24 22:08:00,T3-G13,T3,on-time,B787,0.0,
FL0041,IndiGo,IN275,PUY,LHR,London,2026-06-24 15:21:00,2026-06-24 16:56:00,2026-06-24 15:21:00,2026-06-24 16:56:00,T2-G20,T2,on-time,A350,0.0,
FL0014,Delta Air Lines,DE744,PUY,DXB,Dubai,2026-06-24 15:24:00,2026-06-24 20:29:00,2026-06-24 15:24:00,2026-06-24 20:29:00,T2-G12,T2,on-time,A350,0.0,
FL0007,Air India,AI848,PUY,NRT,Tokyo,2026-06-24 15:42:00,2026-06-24 22:52:00,2026-06-24 15:42:00,2026-06-24 22:52:00,T3-G20,T3,on-time,B787,0.0,
FL0211,Air France,AI663,PUY,DXB,Dubai,2026-06-24 15:46:00,2026-06-24 23:10:00,2026-06-24 15:46:00,2026-06-24 23:10:00,T2-G24,T2,boarding,B787,0.0,
FL0195,Delta Air Lines,DE573,PUY,MAA,Chennai,2026-06-24 16:15:00,2026-06-25 00:40:00,,,T2-G24,T2,cancelled,A320,,Late Inbound Aircraft
FL0219,Qatar Airways,QA826,PUY,JFK,New York,2026-06-24 16:43:00,2026-06-24 23:32:00,2026-06-24 16:43:00,2026-06-24 23:32:00,T3-G19,T3,on-time,A321,0.0,
FL0093,Air India,AI556,PUY,BLR,Bengaluru,2026-06-24 17:03:00,2026-06-24 22:03:00,2026-06-24 17:03:00,2026-06-24 22:03:00,T2-G08,T2,on-time,B787,0.0,
FL0106,Emirates,EM811,PUY,SYD,Sydney,2026-06-24 17:05:00,2026-06-25 00:59:00,2026-06-24 18:51:00,2026-06-25 02:45:00,T3-G12,T3,delayed,B737,106.0,Security Check
FL0063,IndiGo,IN507,PUY,DXB,Dubai,2026-06-24 17:06:00,2026-06-25 00:21:00,2026-06-24 17:06:00,2026-06-25 00:21:00,T3-G07,T3,on-time,B737,0.0,
FL0198,Lufthansa,LU891,PUY,HYD,Hyderabad,2026-06-24 17:07:00,2026-06-24 21:12:00,2026-06-24 17:42:00,2026-06-24 21:47:00,T1-G17,T1,delayed,A320,35.0,Technical Inspection
FL0236,Qatar Airways,QA884,PUY,DXB,Dubai,2026-06-24 17:11:00,2026-06-24 19:21:00,,,T1-G10,T1,cancelled,B777,,Crew Scheduling
FL0058,Air France,AI941,PUY,HKG,Hong Kong,2026-06-24 17:13:00,2026-06-24 19:28:00,2026-06-24 17:13:00,2026-06-24 19:28:00,T3-G10,T3,boarding,A320,0.0,
FL0002,Delta Air Lines,DE561,PUY,DXB,Dubai,2026-06-24 17:23:00,2026-06-24 22:04:00,2026-06-24 18:51:00,2026-06-24 23:32:00,T3-G19,T3,delayed,B737,88.0,Technical Inspection
FL0030,Lufthansa,LU638,PUY,ICN,Seoul,2026-06-24 20:01:00,2026-06-24 23:22:00,2026-06-24 20:01:00,2026-06-24 23:22:00,T3-G08,T3,on-time,A321,0.0,
FL0031,Air France,AI489,PUY,DXB,Dubai,2026-06-24 20:02:00,2026-06-24 21:18:00,2026-06-24 20:02:00,2026-06-24 21:18:00,T1-G01,T1,on-time,B777,0.0,
FL0113,Lufthansa,LU921,PUY,FRA,Frankfurt,2026-06-24 20:18:00,2026-06-25 02:49:00,2026-06-24 20:18:00,2026-06-25 02:49:00,T1-G06,T1,on-time,B787,0.0,
FL0183,Delta Air Lines,DE254,PUY,HYD,Hyderabad,2026-06-24 20:39:00,2026-06-25 04:19:00,2026-06-24 20:39:00,2026-06-25 04:19:00,T3-G12,T3,on-time,A350,0.0,
FL0098,Emirates,EM313,PUY,CDG,Paris,2026-06-24 21:03:00,2026-06-25 04:19:00,2026-06-24 21:03:00,2026-06-25 04:19:00,T1-G21,T1,on-time,B777,0.0,
FL0029,Emirates,EM104,PUY,CCU,Kolkata,2026-06-24 21:15:00,2026-06-25 00:18:00,2026-06-24 21:15:00,2026-06-25 00:18:00,T3-G22,T3,on-time,A320,0.0,
FL0231,Singapore Airlines,SI746,PUY,JFK,New York,2026-06-24 22:59:00,2026-06-25 06:02:00,2026-06-24 22:59:00,2026-06-25 06:02:00,T1-G09,T1,on-time,A320,0.0,
FL0005,British Airways,BR238,PUY,BLR,Bengaluru,2026-06-24 23:42:00,2026-06-25 03:44:00,2026-06-24 23:42:00,2026-06-25 03:44:00,T1-G24,T1,on-time,B787,0.0,
